Actinium, Ac
Silver, Ag
Aluminium, Al
Americium, Am
Argon, Ar
Arsenic, As
Astatine, At
Gold, Au
Boron, B
Barium, Ba
Beryllium, Be
Bohrium, Bh
Bismuth, Bi
Berkelium, Bk
Bromine, Br
Carbon, C
Calcium, Ca
Cadmium, Cd
Cerium, Ce
Californium, Cf
Chlorine, Cl
Curium, Cm
Copernicium, Cn
Cobalt, Co
Chromium, Cr
Caesium, Cs
Copper, Cu
Dubnium, Db
Darmstadtium, Ds
Dysprosium, Dy
Erbium, Er
Einsteinium, Es
Europium, Eu
Flourine, F
Iron, Fe
Flerovium, Fl
Fermium, Fm
Francium, Fr
Gallium, Ga
Gadolinium, Gd
Germanium, Ge
Hydrogen, H
Helium, He
Halfnium, Hf
Mercury, Hg
Holmium, Ho
Hassium, Hs
Iodine, I
Indium, In
Iridium, Ir
Potassium, K
Krypton, Kr
Lanthanum, La
Lithium, Li
Lawrencium, Lr
Lutetium, Lu
Livermorium, Lv
Mendelevium, Md
Magnesium, Mg
Manganese, Mn
Molybdenum, Mo
Meitnerium, Mt
Nitrogren, N
Sodium, Na
Niobium, Nb
Neodymium, Nd
Neon, Ne
Nickel, Ni
Nobelium, No
Neptunium, Np
Oxygen, O
Osmium, Os
Phosphorus, P
Protactinium, Pa
Lead, Pb
Palladium, Pd
Promethium, Pm
Polonium, Po
Praseodymium, Pr
Platinum, Pt
Plutonium, Pu
Radium, Ra
Rubidium, Rb
Rhenium, Re
Rutherfordium, Rf
Roentgenium, Rg
Rhodium, Rh
Radon, Rn
Ruthernium, Ru
Sulfur, S
Antimony, Sb
Scandium, Sc
Selenium, Se
Seaborgium, Sg
Silicon, Si
Samarium, Sm
Tin, Sn
Strontium, Sr
Tantalum, Ta
Terbium, Tb
Technetium, Tc
Tellurium, Te
Thorium, Th
Titanium, Ti
Thallium, Tl
Thulium, Tm
Uranium, U
Vanadium, V
Tungsten, W
Xenon, Xe
Yttrium, Y
Ytterbium, Yb
Zinc, Zn
Ziconium, Zr